record_id,record_type,session_ref,occurred_at,scheduled_start,actual_start,actual_finish,player_count,actual_player_count,activity_type,correction_time
BK-0808-001,SESSION_BOOKED,SES-0808-001,2026-08-06T20:00:00+08:00,2026-08-08T08:30:00+08:00,,,4,,RANGE,
BK-0808-002,SESSION_BOOKED,SES-0808-002,2026-08-06T20:05:00+08:00,2026-08-08T09:30:00+08:00,,,2,,RANGE,
BK-0808-003,SESSION_BOOKED,SES-0808-003,2026-08-07T08:10:00+08:00,2026-08-08T11:00:00+08:00,,,3,,RANGE,
BK-0808-004,SESSION_BOOKED,SES-0808-004,2026-08-07T09:00:00+08:00,2026-08-08T17:30:00+08:00,,,4,,RANGE,
BK-0808-005,SESSION_BOOKED,SES-0808-005,2026-08-07T09:30:00+08:00,2026-08-08T18:00:00+08:00,,,2,,RANGE,
BK-0808-006,SESSION_BOOKED,SES-0808-006,2026-08-07T10:00:00+08:00,2026-08-08T19:00:00+08:00,,,4,,RANGE,
BK-0808-007,SESSION_BOOKED,SES-0808-007,2026-08-07T10:30:00+08:00,2026-08-08T19:30:00+08:00,,,3,,RANGE,
BK-0808-008,SESSION_BOOKED,SES-0808-008,2026-08-07T11:00:00+08:00,2026-08-08T20:00:00+08:00,,,2,,RANGE,
CN-0808-003,SESSION_CANCELLED,SES-0808-003,2026-08-08T09:40:00+08:00,,,,,,,
ST-0808-001,SESSION_STARTED,SES-0808-001,2026-08-08T08:34:00+08:00,,2026-08-08T08:34:00+08:00,,,,,
FN-0808-001,SESSION_FINISHED,SES-0808-001,2026-08-08T09:41:00+08:00,,,2026-08-08T09:41:00+08:00,,,,
ST-0808-002,SESSION_STARTED,SES-0808-002,2026-08-08T09:36:00+08:00,,2026-08-08T09:36:00+08:00,,,,,
FN-0808-002,SESSION_FINISHED,SES-0808-002,2026-08-08T10:50:00+08:00,,,2026-08-08T10:50:00+08:00,,,,
ST-0808-004,SESSION_STARTED,SES-0808-004,2026-08-08T17:33:00+08:00,,2026-08-08T17:33:00+08:00,,,,,
PC-0808-004,PLAYER_COUNT_UPDATED,SES-0808-004,2026-08-08T17:40:00+08:00,,,,,3,,
ST-0808-005,SESSION_STARTED,SES-0808-005,2026-08-08T18:02:00+08:00,,2026-08-08T18:02:00+08:00,,,,,
