transaction_id,transaction_time,sku,quantity,status,correction_time,original_transaction_id,refunded_quantity
TX-0808-0001,2026-08-08T08:12:00+08:00,BUCKET-S,1,CAPTURED,,,
TX-0808-0002,2026-08-08T08:35:00+08:00,BUCKET-M,2,CAPTURED,,,
TX-0808-0003,2026-08-08T09:02:00+08:00,BUCKET-L,1,CAPTURED,,,
TX-0808-0004,2026-08-08T09:48:00+08:00,BUCKET-S,3,CAPTURED,,,
TX-0808-0005,2026-08-08T10:15:00+08:00,GLOVE-01,1,CAPTURED,,,
TX-0808-0006,2026-08-08T10:40:00+08:00,BUCKET-M,1,CAPTURED,,,
TX-0808-0007,2026-08-08T11:05:00+08:00,BUCKET-M,1,VOIDED,,TX-0808-0006,
TX-0808-0008,2026-08-08T11:30:00+08:00,BUCKET-L,2,CAPTURED,,,
TX-0808-0009,2026-08-08T12:20:00+08:00,BUCKET-S,2,CAPTURED,,,
TX-0808-0010,2026-08-08T13:10:00+08:00,BUCKET-M,3,CAPTURED,,,
TX-0808-0011,2026-08-08T14:05:00+08:00,BUCKET-M,3,REFUNDED,,TX-0808-0010,1
TX-0808-0012,2026-08-08T15:22:00+08:00,BUCKET-S,4,CAPTURED,,,
TX-0808-0013,2026-08-08T16:48:00+08:00,BUCKET-L,1,CAPTURED,,,
TX-0808-0014,2026-08-08T17:30:00+08:00,BUCKET-M,2,CAPTURED,,,
TX-0808-0015,2026-08-08T17:55:00+08:00,BUCKET-S,2,CAPTURED,,,
TX-0808-0016,2026-08-08T18:10:00+08:00,BUCKET-L,3,CAPTURED,,,
TX-0808-0017,2026-08-08T18:25:00+08:00,BUCKET-M,2,CAPTURED,,,
TX-0808-0018,2026-08-08T18:33:00+08:00,BUCKET-S,1,CAPTURED,,,
