record_id,record_type,staff_ref,occurred_at,role_code,shift_start,shift_end,shift_record_id,request_record_id,correction_time
SH-0808-001,SHIFT_SCHEDULED,W-001,2026-08-01T09:00:00+08:00,RANGE_OPS,2026-08-08T08:00:00+08:00,2026-08-08T16:00:00+08:00,,,
SH-0808-002,SHIFT_SCHEDULED,W-002,2026-08-01T09:00:00+08:00,RANGE_OPS,2026-08-08T08:00:00+08:00,2026-08-08T16:00:00+08:00,,,
SH-0808-003,SHIFT_SCHEDULED,W-003,2026-08-01T09:00:00+08:00,FRONT_DESK,2026-08-08T08:00:00+08:00,2026-08-08T16:00:00+08:00,,,
SH-0808-004,SHIFT_SCHEDULED,W-004,2026-08-01T09:00:00+08:00,RANGE_OPS,2026-08-08T14:00:00+08:00,2026-08-08T22:00:00+08:00,,,
SH-0808-005,SHIFT_SCHEDULED,W-005,2026-08-01T09:00:00+08:00,RANGE_OPS,2026-08-08T14:00:00+08:00,2026-08-08T22:00:00+08:00,,,
SH-0808-006,SHIFT_SCHEDULED,W-006,2026-08-01T09:00:00+08:00,FRONT_DESK,2026-08-08T14:00:00+08:00,2026-08-08T22:00:00+08:00,,,
SH-0808-007,SHIFT_SCHEDULED,W-002,2026-08-01T09:00:00+08:00,RANGE_OPS,2026-08-08T18:00:00+08:00,2026-08-08T22:00:00+08:00,,,
CX-0808-001,SHIFT_CANCELLED,W-002,2026-08-06T10:00:00+08:00,,,,SH-0808-007,,
RQ-0808-001,SHIFT_CHANGE_REQUESTED,W-005,2026-08-07T09:30:00+08:00,,2026-08-08T15:00:00+08:00,2026-08-08T23:00:00+08:00,SH-0808-005,REQ-0808-001,
RQ-0808-002,SHIFT_CHANGE_REQUESTED,W-004,2026-08-07T11:00:00+08:00,,2026-08-08T13:00:00+08:00,2026-08-08T21:00:00+08:00,SH-0808-004,REQ-0808-002,
AP-0808-002,SHIFT_CHANGE_APPROVED,W-004,2026-08-07T15:00:00+08:00,,2026-08-08T13:00:00+08:00,2026-08-08T21:00:00+08:00,SH-0808-004,REQ-0808-002,
AB-0808-001,ABSENCE_RECORDED,W-003,2026-08-08T07:15:00+08:00,,,,SH-0808-003,,
CI-0808-001,CLOCK_IN,W-001,2026-08-08T07:52:00+08:00,,,,SH-0808-001,,
CI-0808-002,CLOCK_IN,W-002,2026-08-08T08:04:00+08:00,,,,SH-0808-002,,
CO-0808-001,CLOCK_OUT,W-001,2026-08-08T12:01:00+08:00,,,,SH-0808-001,,
CI-0808-003,CLOCK_IN,W-001,2026-08-08T12:46:00+08:00,,,,SH-0808-001,,
CI-0808-004,CLOCK_IN,W-004,2026-08-08T12:55:00+08:00,,,,SH-0808-004,,
CO-0808-002,CLOCK_OUT,W-001,2026-08-08T16:03:00+08:00,,,,SH-0808-001,,
CO-0808-003,CLOCK_OUT,W-002,2026-08-08T16:10:00+08:00,,,,SH-0808-002,,
CI-0808-005,CLOCK_IN,W-006,2026-08-08T13:58:00+08:00,,,,SH-0808-006,,
